City_ID,City,Lat,Lng,Max Temp,Humidity,Cloudiness,Wind Speed,Country,Date
0,nagqu,31.5,92.0,6.05,92,100,2.91,CN,1721964849
1,manokwari,-0.8667,134.0833,27.9,73,79,1.53,ID,1721964850
2,thompson,55.7435,-97.8558,24.09,69,100,2.57,CA,1721964851
3,fort st. john,56.2499,-120.8529,16.94,63,75,3.09,CA,1721964852
4,woodland,38.6785,-121.7733,32.92,29,0,4.63,US,1721964854
5,kailua-kona,19.6406,-155.9956,28.98,80,75,5.14,US,1721964855
6,kerikeri,-35.2268,173.9474,17.17,69,11,0.89,NZ,1721964856
7,waitangi,-43.9535,-176.5597,9.9,89,28,1.34,NZ,1721964857
8,arraial do cabo,-22.9661,-42.0278,21.3,81,0,7.92,BR,1721964858
9,mount pearl,47.5166,-52.7813,13.51,89,0,3.09,CA,1721964859
10,margaret river,-33.95,115.0667,13.91,66,18,1.8,AU,1721964861
11,ribeira grande,38.5167,-28.7,23.76,95,8,4.02,PT,1721964862
12,port-aux-francais,-49.35,70.2167,0.85,75,98,10.44,TF,1721964863
13,lake albert,-35.1667,147.3833,14.1,58,3,1.46,AU,1721964864
14,brookings,44.3114,-96.7984,23.19,95,0,5.66,US,1721964794
15,bethel,41.3712,-73.414,20.56,75,0,0.45,US,1721964866
16,lihue,21.9789,-159.3672,25.97,75,75,7.2,US,1721964868
17,kemi,65.8596,24.8228,17.87,82,0,1.54,FI,1721964869
18,blackmans bay,-43.0167,147.3167,13.62,53,83,1.79,AU,1721964870
19,tobelo,1.7284,128.0095,29.2,71,77,3.53,ID,1721964871
20,chibougamau,49.9168,-74.3659,14.79,72,0,2.06,CA,1721964872
21,willowmore,-33.2926,23.4895,7.24,48,0,3.01,ZA,1721964873
22,college,64.8569,-147.8028,28.99,45,75,2.06,US,1721964875
23,qaqortoq,60.7167,-46.0333,5.59,91,32,2.29,GL,1721964876
24,hawaiian paradise park,19.5933,-154.9731,24.46,89,100,2.57,US,1721964877
25,olonkinbyen,70.9221,-8.7187,5.41,86,82,6.05,SJ,1721964878
26,punta arenas,-53.15,-70.9167,2.06,87,75,8.75,CL,1721964879
27,houghton,47.1219,-88.569,16.86,91,0,2.06,US,1721964880
28,iskateley,67.6803,53.1512,10.19,64,69,5.25,RU,1721964882
29,puerto natales,-51.7236,-72.4875,4.37,81,99,7.3,CL,1721964883
30,harper,4.375,-7.7169,23.71,85,100,3.4,LR,1721964884
31,albany,42.6001,-73.9662,18.84,77,8,4.6,US,1721964885
32,ancud,-41.8697,-73.8203,6.23,79,43,2.51,CL,1721964886
33,kathu,7.9178,98.3332,31.9,74,90,2.33,TH,1721964888
34,la cruz,23.9167,-106.9,28.05,78,0,0.79,MX,1721964889
35,port elizabeth,-33.918,25.5701,14.62,63,0,2.24,ZA,1721964892
36,adamstown,-25.066,-130.1015,20.38,70,9,3.67,PN,1721964893
37,tiksi,71.6872,128.8694,5.89,70,2,2.41,RU,1721964894
38,amursk,50.2261,136.8994,24.25,59,0,2.5,RU,1721964896
39,grytviken,-54.2811,-36.5092,-3.11,82,100,5.06,GS,1721964897
40,bondo,3.8146,23.6866,20.65,89,100,0.35,CD,1721964898
41,outes,42.8619,-8.9018,18.55,87,14,1.51,ES,1721964899
42,saipan,15.1355,145.701,28.39,89,75,3.6,MP,1721964900
43,kodiak,57.79,-152.4072,14.73,82,100,6.17,US,1721964902
44,hermanus,-34.4187,19.2345,10.45,89,99,7.39,ZA,1721964903
45,mirriah,13.7073,9.1501,27.13,68,16,5.81,NE,1721964904
46,nacala,-14.5428,40.6728,16.98,87,0,2.35,MZ,1721964907
47,yellowknife,62.456,-114.3525,19.29,68,100,2.57,CA,1721964908
48,mahibadhoo,3.7833,72.9667,28.98,72,100,2.02,MV,1721964909
49,rocha,-34.4833,-54.3333,8.76,72,100,1.13,UY,1721964910
50,mount isa,-20.7333,139.5,27.87,36,34,4.12,AU,1721964617
51,auki,-8.7676,160.7034,28.73,76,82,3.95,SB,1721964913
52,yung shue wan,22.2333,114.1167,30.74,88,100,10.27,HK,1721964914
53,tofol,5.3248,163.0078,31.88,62,75,2.57,FM,1721964915
54,papatowai,-46.5619,169.4708,12.65,70,100,2.65,NZ,1721964916
55,uturoa,-16.7333,-151.4333,25.79,66,99,6.05,PF,1721964917
56,korpilahti,62.0167,25.55,17.3,77,13,0.39,FI,1721964919
57,namsos,64.4662,11.4957,15.03,94,19,3.6,NO,1721964920
58,akureyri,65.6835,-18.0878,8.96,100,100,3.09,IS,1721964921
59,port alfred,-33.5906,26.891,13.71,50,0,3.88,ZA,1721964922
60,edinburgh of the seven seas,-37.0676,-12.3116,13.69,86,81,12.48,SH,1721964923
61,paracuru,-3.41,-39.0306,26.73,78,10,6.08,BR,1721964925
62,yatou,37.15,122.3833,29.1,80,100,6.25,CN,1721964926
63,avarua,-21.2078,-159.775,24.03,73,40,4.63,CK,1721964814
64,puerto ayora,-0.7393,-90.3518,19.19,100,77,4.02,EC,1721964928
65,utrik,11.2278,169.8474,28.1,79,41,8.84,MH,1721964931
66,ilulissat,69.2167,-51.1,6.01,93,75,1.54,GL,1721964932
67,pisco,-13.7,-76.2167,14.45,88,6,1.03,PE,1721964933
68,dobje pri planini,46.1367,15.4089,14.94,83,24,0.77,SI,1721964934
69,hammerfest,70.6634,23.6821,18.25,72,40,1.54,NO,1721964935
70,udachny,66.4167,112.4,10.12,84,100,4.96,RU,1721964937
71,ushuaia,-54.8,-68.3,1.81,80,100,3.09,AR,1721964938
72,bredasdorp,-34.5322,20.0403,12.61,82,95,5.67,ZA,1721964939
73,nyurba,63.2842,118.3319,22.16,62,88,3.61,RU,1721964940
74,wailua homesteads,22.0669,-159.378,25.63,77,75,7.2,US,1721964942
75,jamestown,42.097,-79.2353,17.8,77,100,0.0,US,1721964943
76,serov,59.6033,60.5787,12.54,74,100,4.38,RU,1721964944
77,bilibino,68.0546,166.4372,3.62,93,100,3.61,RU,1721964945
78,clayton,33.5335,-84.3666,24.52,97,40,3.09,US,1721964946
79,ust'-barguzin,53.45,108.9833,21.88,59,23,0.5,RU,1721964948
80,stanley,54.868,-1.6985,11.01,91,20,2.06,GB,1721964949
81,papao,-17.75,-149.55,26.48,71,48,7.16,PF,1721964950
82,kapa'a,22.0752,-159.319,26.38,75,75,7.2,US,1721964952
83,lompoc,34.6391,-120.4579,16.58,93,40,3.09,US,1721964953
84,petropavlovsk-kamchatsky,53.0452,158.6483,17.33,59,20,5.0,RU,1721964954
85,chernyshevskiy,63.0128,112.4714,23.95,72,73,1.01,RU,1721964955
86,naze,28.3667,129.4833,25.51,85,100,8.36,JP,1721964956
87,banjar,-8.19,114.9675,31.72,53,0,0.9,ID,1721964958
88,tambopata,-12.7333,-69.1833,23.41,65,1,0.36,PE,1721964959
89,porto belo,-27.1578,-48.5531,17.83,100,4,2.26,BR,1721964960
90,enewetak,11.3474,162.3373,28.58,80,99,7.68,MH,1721964961
91,hithadhoo,-0.6,73.0833,28.93,73,65,4.61,MV,1721964962
92,riosucio,5.4216,-75.7032,13.07,96,100,0.46,CO,1721964963
93,brasilia,-15.7797,-47.9297,12.51,71,0,0.51,BR,1721964965
94,kutum,14.2,24.6667,20.62,79,100,7.98,SD,1721964966
95,tandahimba,-10.75,39.6333,14.88,95,0,1.3,TZ,1721964967
96,codrington,-38.2667,141.9667,14.72,70,73,9.92,AU,1721964968
97,cascais,38.6979,-9.4215,20.52,84,5,14.75,PT,1721964969
98,severnoye,56.3491,78.3619,18.29,72,72,2.84,RU,1721964970
99,invercargill,-46.4,168.35,13.96,68,91,3.13,NZ,1721964973
100,port moresby,-9.4431,147.1797,29.68,66,40,7.72,PG,1721964974
101,salalah,17.0151,54.0924,25.05,94,100,3.6,OM,1721964975
102,pitea,65.3172,21.4794,20.05,95,59,1.91,SE,1721964976
103,atafu village,-8.5421,-172.5159,29.05,62,56,4.57,TK,1721964977
104,vorkuta,67.5,64.0,11.65,61,100,4.9,RU,1721964979
105,olinda,-8.0089,-34.8553,25.85,73,40,3.6,BR,1721964980
106,yuzhno-kurilsk,44.0306,145.8556,16.7,74,89,2.07,RU,1721964981
107,fortaleza,-3.7227,-38.5247,26.79,69,20,5.66,BR,1721964982
108,selkirk,50.1436,-96.8845,25.08,72,78,3.58,CA,1721964984
109,port mathurin,-19.6833,63.4167,22.64,73,92,6.35,MU,1721964985
110,kalevala,65.2,31.1667,17.21,63,3,2.25,RU,1721964987
111,sur,22.5667,59.5289,34.43,44,64,4.86,OM,1721964988
112,pemba,-12.974,40.5178,21.63,65,0,1.49,MZ,1721964989
113,remire-montjoly,4.9167,-52.2667,24.02,100,100,1.54,GF,1721964991
114,kotido,2.9806,34.1331,19.56,81,78,0.85,UG,1721964992
115,sitka,57.0531,-135.33,14.94,88,100,4.12,US,1721964993
116,namtsy,62.7161,129.6658,32.73,31,76,1.74,RU,1721964994
117,iqaluit,63.7506,-68.5145,5.85,81,100,2.57,CA,1721964996
118,bamboo flat,11.7,92.7167,30.05,84,100,6.17,IN,1721964997
119,duque de caxias,-22.7856,-43.3117,17.96,88,0,1.03,BR,1721964998
120,zaragoza,41.6561,-0.8773,22.79,65,0,6.17,ES,1721964999
121,perugorria,-29.3413,-58.6106,13.62,64,100,3.54,AR,1721965000
122,rundu,-17.9333,19.7667,11.66,16,0,1.54,NA,1721965002
123,kabo,7.6994,18.629,21.16,98,89,1.74,CF,1721965003
124,svencionys,55.15,26.1667,16.1,92,97,1.24,LT,1721965004
125,geraldton,-28.7667,114.6,15.23,88,75,5.14,AU,1721965005
126,piacabucu,-10.4056,-36.4344,22.76,82,36,3.5,BR,1721965007
127,taranagar,28.6709,75.0351,35.79,49,100,4.1,IN,1721965008
128,camacupa,-12.0167,17.4833,10.34,21,0,1.9,AO,1721965009
129,patterson,37.4716,-121.1297,32.86,48,0,1.74,US,1721965010
130,tura,25.5198,90.2201,31.54,70,100,0.85,IN,1721965011
131,severobaykal'sk,55.65,109.3167,24.14,49,19,0.97,RU,1721965013
132,zhangatas,43.5667,69.75,32.69,24,95,4.7,KZ,1721965014
133,kumeny,58.1089,49.9161,13.29,67,76,4.18,RU,1721965015
134,island harbour,50.724,-1.2758,14.99,69,88,0.89,GB,1721965016
135,takoradi,4.8845,-1.7554,22.94,91,60,3.43,GH,1721965018
136,levuka,50.1834,-105.4011,22.9,40,99,7.13,CA,1721965019
137,whitehorse,60.7161,-135.0538,14.43,91,100,4.63,CA,1721965020
138,nueva esperanza,15.2667,-87.6,26.79,100,100,1.3,HN,1721965021
139,carnarvon,-24.8667,113.6333,19.79,44,6,3.45,AU,1721965023
140,sao jose da coroa grande,-8.8978,-35.1478,23.28,84,22,4.95,BR,1721965024
141,bonthe,7.5264,-12.505,24.37,85,100,4.72,SL,1721965025
142,port lincoln,-34.7333,135.8667,15.25,66,7,11.19,AU,1721965026
143,waveland,30.2869,-89.3762,26.02,91,100,4.09,US,1721965027
144,hincesti,46.8258,28.5936,19.76,95,100,4.6,MD,1721965029
145,tamanrasset,22.785,5.5228,23.95,53,0,1.03,DZ,1721965030
146,saint-pierre,-21.3393,55.4781,19.82,49,0,4.63,RE,1721965031
147,ust-nera,64.5667,143.2,18.41,38,100,2.11,RU,1721965032
148,roses,42.262,3.1769,25.32,68,0,0.89,ES,1721965034
149,sept-iles,50.2001,-66.3821,16.29,96,75,2.06,CA,1721965036
150,salym,60.0625,71.4789,15.32,80,75,2.21,RU,1721965037
151,altai,46.3722,96.2583,23.76,21,66,4.6,MN,1721965040
152,akseki,37.0486,31.79,18.88,70,0,1.95,TR,1721965041
153,kleinblittersdorf,49.1578,7.0373,18.71,72,0,1.03,DE,1721965042
154,minas de marcona,-15.2119,-75.1103,10.55,89,91,4.92,PE,1721965044
155,alotau,-10.3069,150.4462,24.91,88,100,2.83,PG,1721965045
156,kpandu,6.9954,0.2931,22.34,90,62,2.92,GH,1721965046
157,nadym,65.5333,72.5167,12.24,75,100,4.39,RU,1721965047
158,chifeng,42.2683,118.9636,27.2,62,100,1.77,CN,1721965048
159,dalbandin,28.8947,64.4101,36.14,11,65,2.63,PK,1721965050
160,keflavik,64.0049,-22.5624,10.95,100,100,6.17,IS,1721965051
161,buulobarde,3.8538,45.5674,23.66,78,100,7.81,SO,1721965052
162,ta`u,-14.2336,-169.5144,27.39,83,96,6.19,AS,1721965053
163,lebu,-37.6167,-73.65,7.34,82,7,6.11,CL,1721965054
164,kintampo,8.0563,-1.7306,21.43,91,100,2.77,GH,1721965055
165,juan griego,11.0817,-63.9655,32.07,66,100,4.12,VE,1721965057
166,yichang,30.7144,111.2847,37.73,40,18,4.73,CN,1721965058
167,alofi,-19.0595,-169.9187,23.94,100,20,2.06,NU,1721965059
168,praia da vitoria,38.7333,-27.0667,25.14,83,75,3.33,PT,1721965061
169,san antonio de pale,-1.4014,5.6325,22.9,82,52,4.55,GQ,1721965062
170,gadzhiyevo,69.2551,33.3362,18.68,72,6,1.9,RU,1721965064
171,alaghsas,17.0187,8.0168,30.33,50,64,7.22,NE,1721965065
172,anadyr,64.75,177.4833,12.28,93,75,4.0,RU,1721965066
173,tougan,13.0667,-3.0667,25.98,81,98,4.28,BF,1721965068
174,khandyga,62.6667,135.6,27.99,49,96,2.48,RU,1721965070
175,belmonte,-15.8631,-38.8828,21.62,86,42,2.22,BR,1721965071
176,thinadhoo,0.5333,72.9333,29.17,71,93,2.84,MV,1721965072
177,new plymouth,-39.0667,174.0833,12.95,100,17,3.74,NZ,1721965073
178,craig,40.5153,-107.5464,22.79,62,97,4.97,US,1721965074
179,bubaque,11.2833,-15.8333,25.98,85,100,8.44,GW,1721965076
180,simanggang,1.2472,111.4528,31.99,62,20,2.57,MY,1721965077
181,kitimat,54.0524,-128.6534,18.21,75,92,4.47,CA,1721965078
182,revda,56.801,59.9303,9.91,98,100,7.54,RU,1721965079
183,keetmanshoop,-26.5833,18.1333,8.4,40,42,2.78,NA,1721965080
184,cooma,-36.2333,149.1333,13.8,34,0,3.42,AU,1721965081
185,barrouallie,13.2333,-61.2667,25.5,82,4,6.17,VC,1721965083
186,wenchang,30.904,118.4887,30.23,77,87,7.5,CN,1721965084
187,mchinji,-13.7984,32.8802,12.0,40,0,1.48,MW,1721965085
188,cobija,-11.0267,-68.7692,23.45,54,3,0.49,BO,1721965086
189,trincomalee,8.5711,81.2335,29.97,67,100,7.67,LK,1721965087
190,vorgashor,67.5833,63.95,11.36,60,100,5.08,RU,1721965089
191,st. john's,47.5649,-52.7093,13.97,89,0,3.09,CA,1721965090
192,la passe,45.5549,-0.8967,16.13,95,2,2.36,FR,1721965091
193,madang,-5.2246,145.7966,29.2,74,86,3.82,PG,1721965092
194,kone,-21.0595,164.8658,24.42,49,17,2.89,NC,1721965095
195,croix-des-bouquets,18.575,-72.225,25.88,81,100,2.78,HT,1721965096
196,tocopilla,-22.092,-70.1979,16.56,75,4,2.36,CL,1721965097
197,saint-philippe,-21.3585,55.7679,19.77,72,0,0.96,RE,1721965099
198,yemva,62.59,50.8594,15.22,48,92,2.19,RU,1721965100
199,saint-joseph,-21.3667,55.6167,19.21,70,0,0.8,RE,1721965101
200,shahdad kot,27.8477,67.9055,37.64,45,43,3.07,PK,1721965102
201,whangarei,-35.7317,174.3239,13.77,63,81,2.11,NZ,1721965104
202,kapuskasing,49.4169,-82.4331,16.05,88,0,2.06,CA,1721965105
203,ostersund,63.1792,14.6357,14.25,94,75,5.14,SE,1721965106
204,kalabo,-14.97,22.6814,11.69,28,0,1.27,ZM,1721965107
205,badger,64.8,-147.5333,28.95,43,20,2.06,US,1721965108
206,ugoofaaru,5.6667,73.0,28.74,76,100,4.59,MV,1721965110
207,trairi,-3.2778,-39.2689,24.29,82,19,4.22,BR,1721965111
208,hovd,48.0056,91.6419,26.95,27,43,2.99,MN,1721965112
209,inarajan village,13.2736,144.7484,31.08,89,57,6.79,GU,1721965113
210,antofagasta,-23.65,-70.4,13.6,82,67,2.36,CL,1721965115
211,el granada,37.5027,-122.4694,23.49,84,20,8.23,US,1721965116
212,ati,13.2154,18.3353,28.11,64,100,4.29,TD,1721965117
213,afaahiti,-17.75,-149.2833,25.59,71,58,7.47,PF,1721965118
214,tralee,52.2704,-9.7026,10.81,97,41,2.03,IE,1721965119
215,pitimbu,-7.4706,-34.8086,22.33,80,7,5.47,BR,1721965120
216,flying fish cove,-10.4217,105.6791,25.82,83,100,6.69,CX,1721965122
217,juneau,58.3019,-134.4197,13.56,98,100,5.14,US,1721965123
218,hasaki,35.7333,140.8333,34.22,78,94,4.05,JP,1721965124
219,hamilton,39.1834,-84.5333,21.23,81,0,0.0,US,1721965125
220,cabo san lucas,22.8909,-109.9124,30.28,66,0,4.63,MX,1721964894
221,aasiaat,68.7098,-52.8699,3.65,95,100,7.74,GL,1721965129
222,oelwein,42.6733,-91.9135,20.14,92,39,3.67,US,1721965130
223,siwa oasis,29.2041,25.5195,27.8,54,9,2.3,EG,1721965131
224,gubakha,58.8386,57.5532,12.87,57,100,4.72,RU,1721965021
225,tirmiz,37.2242,67.2783,31.05,33,0,1.03,UZ,1721965134
226,west island,-12.1568,96.8225,24.99,94,75,4.63,CC,1721965135
227,coari,-4.085,-63.1414,27.38,52,98,0.96,BR,1721965136
228,vadso,70.0744,29.7487,12.49,100,75,1.54,NO,1721965138
229,myitkyina,25.3833,97.4,32.33,65,100,1.2,MM,1721965139
230,port hedland,-20.3167,118.5667,24.03,16,0,5.14,AU,1721965140
231,port douglas,-16.4833,145.4667,23.22,70,82,5.36,AU,1721964893
232,tazovsky,67.4667,78.7,11.09,97,100,3.58,RU,1721965142
233,pimenta bueno,-11.6725,-61.1936,21.66,50,6,1.59,BR,1721965145
234,genhe,50.7833,121.5167,27.29,37,81,4.11,CN,1721965146
235,harlingen,26.1906,-97.6961,27.95,94,0,2.57,US,1721965148
236,biltine,14.5333,20.9167,28.7,61,100,1.88,TD,1721965149
237,kharp,66.8014,65.8081,12.53,59,100,1.38,RU,1721965151
238,isafjordur,66.0755,-23.124,6.68,96,80,2.33,IS,1721965152
239,kanniyakumari,8.0833,77.5667,29.91,74,100,7.81,IN,1721965154
240,merizo village,13.2658,144.6691,30.85,89,54,6.81,GU,1721965155
241,beloyarskiy,63.7119,66.6722,15.74,51,62,2.17,RU,1721965157
242,vilyuchinsk,52.9306,158.4028,18.15,80,44,3.75,RU,1721965158
243,luderitz,-26.6481,15.1594,11.5,83,41,2.8,NA,1721965159
244,san patricio,28.017,-97.5169,27.92,82,83,2.21,US,1721965160
245,tosontsengel,48.7567,98.2839,24.76,34,59,4.39,MN,1721965161
246,kupang,-10.1667,123.5833,31.32,66,75,5.66,ID,1721965162
247,reggane,26.7158,0.1714,31.8,16,0,4.51,DZ,1721965164
248,qarazhal,48.0078,70.7903,26.58,36,99,3.88,KZ,1721965165
249,strezhevoy,60.7333,77.5889,17.07,72,78,1.5,RU,1721965166
250,longyearbyen,78.2186,15.6401,11.91,66,75,5.14,SJ,1721965167
251,rehli,23.6333,79.0833,27.73,82,100,5.67,IN,1721965168
252,portage la prairie,49.9728,-98.2926,24.5,61,100,9.33,CA,1721965170
253,georgetown,5.4112,100.3354,31.97,58,20,6.69,MY,1721965171
254,medina,24.4686,39.6142,29.24,21,0,0.0,SA,1721965172
255,sitangkai,4.6628,119.3928,28.78,78,57,4.4,PH,1721965174
256,zyrya,40.3661,50.2917,26.05,65,72,5.12,AZ,1721965175
257,laguna,38.421,-121.4238,32.99,25,0,5.14,US,1721965176
258,sao joao da barra,-21.6403,-41.0511,22.03,81,0,6.71,BR,1721965178
259,malango,-2.9627,119.9001,26.83,70,50,1.59,ID,1721965179
260,filadelfia,39.9523,-75.1638,23.39,88,62,4.2,US,1721965180
261,auna,10.1881,4.7232,23.25,94,99,2.87,NG,1721965181
262,trinidad,-14.8333,-64.9,23.67,49,1,1.13,BO,1721965182
263,new norfolk,-42.7826,147.0587,14.84,50,76,4.42,AU,1721965184
264,rawson,-43.3002,-65.1023,6.92,45,0,6.65,AR,1721965185
265,sinabang,2.4803,96.3801,30.25,61,85,4.01,ID,1721965186
266,igarka,67.4667,86.5833,19.79,57,82,7.4,RU,1721965188
267,palikir - national government center,6.9248,158.1611,30.41,74,75,2.57,FM,1721965189
268,magadan,59.5667,150.8,17.49,54,91,2.5,RU,1721965190
269,vila franca do campo,37.7167,-25.4333,21.23,87,1,1.71,PT,1721965192
270,irtyshsk,53.3333,75.4572,20.26,67,74,6.33,KZ,1721965193
271,chonchi,-42.6128,-73.8092,3.95,89,54,1.33,CL,1721965194
272,nemuro,43.3236,145.575,14.29,84,100,2.72,JP,1721965195
273,san pedro,14.35,121.0167,31.57,71,40,5.14,PH,1721965196
274,bhag,29.0415,67.8239,38.47,40,7,3.5,PK,1721965197
275,boguchany,58.3814,97.4531,26.74,50,12,1.83,RU,1721965176
276,la'ie,21.6477,-157.9253,27.98,77,100,5.36,US,1721965200
277,opuwo,-18.0607,13.84,12.93,35,0,0.54,NA,1721965202
278,shevchenko,48.5,35.0,21.71,37,92,2.49,UA,1721965203
279,laojunmiao,39.8333,97.7333,28.09,19,100,7.13,CN,1721965204
280,dunedin,-45.8742,170.5036,12.79,71,100,1.79,NZ,1721965206
281,yelan',50.949,43.7378,17.86,54,39,3.71,RU,1721965207
282,nuuk,64.1835,-51.7216,3.34,100,100,10.29,GL,1721965208
283,ilion,38.0333,23.7,27.07,57,20,3.6,GR,1721965209
284,westport,41.1415,-73.3579,23.02,72,0,2.06,US,1721965210
285,banda aceh,5.5577,95.3222,32.1,57,76,6.05,ID,1721965212
286,mukalla,14.5425,49.1242,28.12,78,66,3.01,YE,1721965213
287,kyren,51.6828,102.1408,22.1,67,100,1.06,RU,1721965214
288,vinogradovo,56.9333,37.55,16.29,68,24,1.38,RU,1721965215
289,nyandoma,61.669,40.1991,16.26,58,38,0.62,RU,1721965216
290,griffith,41.5284,-87.4237,19.6,84,0,2.57,US,1721965217
291,carutapera,-1.195,-46.02,23.67,93,34,2.51,BR,1721965219
292,arafat,39.0344,44.6198,17.28,73,0,1.62,IR,1721965220
293,mbekenyera,-10.0,38.9833,15.45,80,0,1.04,TZ,1721965221
294,ishpeming,46.4885,-87.6676,13.6,92,0,1.52,US,1721965222
295,arhavi,41.3492,41.3069,21.95,63,1,0.77,TR,1721965223
296,weinzierl bei krems,48.4,15.6,14.74,91,25,0.39,AT,1721965225
297,robertsport,6.7533,-11.3686,24.54,83,100,5.27,LR,1721965226
298,acarau,-2.8856,-40.12,24.64,82,11,6.21,BR,1721965227
299,nar'yan-mar,67.6713,53.087,10.17,64,69,5.26,RU,1721965228
300,chernyshevsk,52.5243,117.0174,31.61,25,0,5.65,RU,1721965229
301,lubao,14.9167,120.55,30.04,75,100,7.09,PH,1721965230
302,basoko,1.2391,23.616,21.99,90,93,1.2,CD,1721965232
303,caxito,-8.5785,13.6643,20.82,83,99,0.26,AO,1721965233
304,kenora,49.8167,-94.4337,22.54,64,20,4.63,CA,1721965234
305,caxias,38.7031,-9.2767,20.51,84,20,3.6,PT,1721965235
306,caleta de carquin,-11.0925,-77.6267,16.54,85,37,3.1,PE,1721965236
307,magistral'nyy,56.1725,107.4458,29.77,43,93,2.61,RU,1721965237
308,boa vista,2.8197,-60.6733,25.99,89,40,2.06,BR,1721965239
309,wenling,28.3669,121.36,27.81,87,100,10.18,CN,1721965240
310,charcas,23.1333,-101.1167,15.92,85,100,2.44,MX,1721965241
311,antsiranana,-12.2787,49.2917,19.42,77,75,0.0,MG,1721965242
312,usinsk,65.9939,57.5281,12.27,59,81,5.2,RU,1721965243
313,kolonia,50.9333,6.95,19.51,84,100,1.54,DE,1721965245
314,dakhla,23.6848,-15.958,19.33,93,0,5.84,EH,1721965246
315,rawatsar,29.2833,74.3833,36.7,46,42,3.44,IN,1721965247
316,mount gambier,-37.8333,140.7667,13.01,76,91,6.28,AU,1721965248
317,saldanha,-33.0117,17.9442,13.03,92,99,3.02,ZA,1721965249
318,taoudenni,22.6783,-3.9836,34.42,16,8,1.79,ML,1721965250
319,vegreville,53.5001,-112.0518,12.39,76,67,6.17,CA,1721965252
320,al ghayzah,16.2079,52.176,26.76,82,100,4.66,YE,1721965253
321,sivrihisar,39.4504,31.5341,17.15,81,0,4.11,TR,1721965254
322,vuktyl,63.8567,57.3094,14.19,59,5,0.81,RU,1721965255
323,camana,-16.6228,-72.7111,15.29,88,20,3.91,PE,1721965256
324,seeb,23.6703,58.1891,36.05,30,20,2.57,OM,1721965257
325,xilin hot,43.9667,116.0333,28.67,34,31,3.82,CN,1721965259
326,port blair,11.6667,92.75,30.02,84,100,6.17,IN,1721965260
327,kendari,-3.945,122.4989,27.7,81,50,2.02,ID,1721965261
328,oudtshoorn,-33.5907,22.2014,9.2,53,0,2.14,ZA,1721965262
329,cidreira,-30.1811,-50.2056,15.52,95,28,0.18,BR,1721965263
330,dudinka,69.4058,86.1778,18.83,52,100,5.31,RU,1721965265
331,vilhena,-12.7406,-60.1458,20.12,51,30,1.16,BR,1721965266
332,howrah,22.5892,88.3103,31.0,79,75,5.14,IN,1721965267
333,mount pleasant,32.7941,-79.8626,25.11,97,75,1.34,US,1721965268
334,moyale,3.5167,39.0584,18.32,81,94,4.22,KE,1721965269
335,haiku-pauwela,20.9219,-156.3051,26.01,68,40,10.29,US,1721965270
336,veraval,20.9,70.3667,27.99,87,100,9.06,IN,1721965272
337,leamington,42.0549,-82.6062,18.99,52,61,1.79,CA,1721965273
338,ilabaya,-17.4208,-70.5133,17.0,42,0,0.68,PE,1721965274
339,kearney,40.6995,-99.0815,25.14,76,0,3.09,US,1721965275
340,tharangambadi,11.0319,79.8528,32.02,52,96,8.36,IN,1721965276
341,kuraymah,18.55,31.85,33.05,43,90,6.28,SD,1721965277
342,shillong,25.5689,91.8831,25.02,74,75,1.54,IN,1721965279
343,awjilah,29.1081,21.2869,27.36,48,0,3.35,LY,1721965281
344,shadrinsk,56.0852,63.6335,13.07,96,100,8.9,RU,1721965283
345,isla mujeres,21.2311,-86.731,28.03,84,100,4.49,MX,1721965285
346,la ronge,55.1001,-105.2842,25.14,73,75,2.06,CA,1721965286
347,holualoa,19.6228,-155.9522,26.91,81,75,5.14,US,1721965255
348,kasama,-10.2129,31.1808,9.11,42,1,1.11,ZM,1721965288
349,al mijlad,11.0333,27.7333,25.14,78,98,6.87,SD,1721965289
350,lerwick,60.1545,-1.1494,12.0,89,100,5.1,GB,1721965290
351,broken hill,-31.95,141.4333,16.34,37,0,3.87,AU,1721965292
352,zheleznodorozhnyy,55.7503,38.0042,16.85,62,20,1.7,RU,1721965293
353,barra de santo antonio,-9.4047,-35.5072,20.6,83,35,5.77,BR,1721965294
354,giyani,-23.3025,30.7187,12.29,94,12,0.58,ZA,1721965295
355,manoharpur,27.3,75.95,30.57,70,99,3.71,IN,1721965298
356,borogontsy,62.6683,131.1683,31.16,36,89,1.74,RU,1721965299
357,guxhagen,51.2,9.4833,18.82,88,75,0.51,DE,1721965300
358,howard springs,-12.497,131.047,30.95,73,96,4.66,AU,1721965301
359,puerto cortez,15.8333,-87.95,28.19,85,100,3.02,HN,1721965299
360,al bawiti,28.3492,28.8659,25.41,59,1,3.04,EG,1721965303
361,queenstown,-31.8976,26.8753,4.67,49,0,2.93,ZA,1721965305
362,alice springs,-23.7,133.8833,15.75,55,75,4.63,AU,1721965019
363,boende,-0.2167,20.8667,22.25,83,9,1.07,CD,1721965307
364,suva,-18.1416,178.4415,26.71,65,40,6.69,FJ,1721965308
365,bayanhongor,46.7167,100.1167,20.4,36,47,0.88,MN,1721965309
366,santa ana,33.7456,-117.8678,30.14,60,0,3.09,US,1721965298
367,lake havasu city,34.4839,-114.3224,44.0,13,3,2.06,US,1721965312
368,turochak,52.2576,87.1224,26.32,55,42,1.4,RU,1721965313
369,mpulungu,-8.7623,31.1141,18.3,32,51,2.8,ZM,1721965314
370,achit,56.7985,57.8994,10.31,96,100,6.2,RU,1721965315
371,labrador city,52.9463,-66.9114,10.95,87,100,1.03,CA,1721965316
372,khorramabad,33.4878,48.3558,21.79,30,0,2.06,IR,1721965317
373,miastko,54.0028,16.9826,11.82,87,57,1.68,PL,1721965319
374,osa,57.2829,55.4567,13.17,74,100,5.23,RU,1721965320
375,hausjarvi,60.7833,24.9333,19.51,87,26,0.41,FI,1721965321
376,grevenmacher,49.6747,6.4419,19.48,77,75,2.57,LU,1721965322
377,buala,-8.145,159.5921,28.48,77,87,5.29,SB,1721965323
378,happy valley-goose bay,53.3168,-60.3315,15.17,94,100,3.09,CA,1721965325
379,vetschau,51.7833,14.0667,14.29,69,80,2.6,DE,1721965326
380,kindu,-2.95,25.95,20.53,64,1,0.18,CD,1721965327
381,mikun',62.3547,50.0771,15.09,53,100,2.32,RU,1721965328
382,salinopolis,-0.6136,-47.3561,25.97,87,19,4.44,BR,1721965329
383,mugia,43.1041,-9.2179,17.73,92,22,3.25,ES,1721965330
384,suklayin,15.7574,121.5503,32.32,61,100,2.51,PH,1721965332
385,lospalos,-8.5186,127.0025,26.22,70,89,4.48,TL,1721965333
386,portland,45.5234,-122.6762,21.48,57,0,3.13,US,1721965232
387,talnakh,69.4865,88.3972,18.81,55,100,1.54,RU,1721965335
388,illapel,-31.6308,-71.1653,10.15,64,0,0.95,CL,1721965336
389,hakui,36.8833,136.7833,36.25,67,100,2.95,JP,1721965337
390,saguenay,48.4168,-71.0657,18.06,81,75,5.66,CA,1721965339
391,weno,7.4515,151.8468,30.97,79,75,2.06,FM,1721965341
392,petauke,-14.2426,31.3253,14.54,28,0,1.54,ZM,1721965343
393,tsiombe,-25.3,45.4833,16.91,86,0,2.34,MG,1721965345
394,toliara,-23.35,43.6667,19.29,84,45,1.2,MG,1721965346
395,kristiansund,63.1115,7.732,15.36,89,75,0.0,NO,1721965347
396,beyneu,45.3167,55.2,25.87,33,2,3.66,KZ,1721965348
397,sohar,24.3643,56.7468,38.01,13,28,3.09,OM,1721965349
398,mana,5.6592,-53.7767,25.52,88,85,3.75,GF,1721965351
399,severo-yeniseyskiy,60.3725,93.0408,27.24,42,49,1.14,RU,1721965352
400,sriramnagar,17.2665,78.2554,23.8,88,75,6.17,IN,1721965353
401,taco pozo,-25.6167,-63.2833,18.92,42,100,0.83,AR,1721965354
402,shengli,37.4564,118.4856,24.4,97,100,3.0,CN,1721965355
403,forster,-32.1667,152.5167,16.83,81,87,1.33,AU,1721965356
404,boryeong,36.3493,126.5977,32.98,79,100,5.34,KR,1721965358
405,qamdo,31.1667,97.2333,17.84,49,100,1.34,CN,1721965359
406,lianran,24.9227,102.485,26.3,57,100,1.78,CN,1721965360
407,nova sintra,14.8667,-24.7167,25.44,82,32,1.31,CV,1721965361
408,newman,37.3138,-121.0208,34.13,48,0,0.45,US,1721965362
409,lichinga,-13.3128,35.2406,13.05,71,0,2.06,MZ,1721965363
410,betio village,1.358,172.9211,30.02,73,83,4.86,KI,1721965365
411,qazvin,36.2797,50.0049,20.79,73,0,1.03,IR,1721965366
412,turpan,42.9333,89.1667,40.76,15,85,1.55,CN,1721965367
413,tegueste,28.5167,-16.3167,26.16,27,0,5.66,ES,1721965368
414,ankang,32.68,109.0172,32.85,58,6,1.11,CN,1721965369
415,gaitania,3.0906,-75.6723,14.06,86,80,2.76,CO,1721965371
416,mali,12.079,-12.2982,15.73,98,100,1.84,GN,1721965372
417,kingston,17.997,-76.7936,28.53,79,20,1.54,JM,1721965373
418,maumere,-8.6199,122.2111,27.5,77,72,3.82,ID,1721965374
419,polyarnyy,69.1989,33.4478,18.22,73,6,2.26,RU,1721965375
420,lazaro cardenas,17.9583,-102.2,27.44,78,94,1.4,MX,1721965377
421,kirakira,-10.4544,161.9205,27.9,76,74,5.32,SB,1721965378
422,pasuquin,18.3328,120.6177,26.97,100,100,10.29,PH,1721965379
423,oriximina,-1.7656,-55.8661,23.47,95,36,1.87,BR,1721965380
424,horta,38.5333,-28.6333,23.34,95,23,3.58,PT,1721965381
425,fale old settlement,-9.3852,-171.2468,28.96,68,83,4.76,TK,1721965383
426,vangaindrano,-23.35,47.6,16.69,70,0,2.07,MG,1721965384
427,kirensk,57.7853,108.1119,29.23,48,100,0.84,RU,1721965385
428,bad reichenhall,47.7333,12.8833,16.35,88,22,3.09,DE,1721965386
429,usogorsk,63.4106,48.6872,15.11,56,94,2.5,RU,1721965387
430,colonia,50.9333,6.95,19.51,84,100,1.54,DE,1721965245
431,rio preto da eva,-2.6994,-59.6997,24.43,76,24,1.51,BR,1721965390
432,sokolow podlaski,52.4068,22.2531,15.21,95,98,2.79,PL,1721965391
433,ventnor,50.5948,-1.2037,14.68,96,94,0.89,GB,1721965392
434,harar,9.3094,42.1258,15.53,87,87,3.53,ET,1721965393
435,nova olinda do norte,-3.8881,-59.0942,25.66,69,52,0.94,BR,1721965394
436,borkum,53.5809,6.6915,18.86,98,100,7.13,DE,1721965396
437,upington,-28.4478,21.2561,2.21,41,0,2.06,ZA,1721965397
438,yeppoon,-23.1333,150.7333,23.88,65,72,4.36,AU,1721965398
439,kruisfontein,-34.0033,24.7314,10.87,49,0,5.07,ZA,1721965399
440,'ain el hadjar,34.7585,0.1453,23.63,28,96,4.75,DZ,1721965400
441,olyokminsk,60.3736,120.4264,35.93,28,89,1.76,RU,1721965402
442,leesville,31.1435,-93.261,23.24,100,100,1.54,US,1721965403
443,kemijarvi,66.7131,27.4306,18.61,63,74,3.32,FI,1721965404
444,ivanivka,46.7208,34.553,22.23,59,99,2.96,UA,1721965405
445,somerset east,-32.7217,25.588,9.16,37,0,3.97,ZA,1721965406
446,smithers,54.7804,-127.1743,20.18,40,75,4.12,CA,1721965407
447,constantia,44.1833,28.65,19.38,83,100,5.79,RO,1721965409
448,yangjiang,21.85,111.9667,32.08,73,97,2.5,CN,1721965410
449,bac lieu,9.285,105.7244,29.11,74,100,5.45,VN,1721965411
450,touros,-5.1989,-35.4608,21.35,88,21,4.09,BR,1721965412
451,smidovich,48.6,133.8167,24.25,65,100,4.2,RU,1721965415
452,alpinopolis,-20.8636,-46.3881,13.36,61,0,0.66,BR,1721965416
453,cockburn town,21.4612,-71.1419,28.67,84,97,9.59,TC,1721965417
454,sona,45.4388,10.8255,24.75,67,40,1.54,IT,1721965418
455,imbituba,-28.24,-48.6703,18.25,86,27,2.72,BR,1721965419
456,cambria,35.5641,-121.0808,15.68,80,10,0.98,US,1721965421
457,harstad,68.799,16.5293,19.02,83,100,2.17,NO,1721965422
458,fillmore,43.6666,-92.1002,20.27,88,0,3.09,US,1721965423
459,santa marta,11.2408,-74.199,27.72,83,40,1.34,CO,1721965424
460,murghob,38.1702,73.9667,12.66,39,4,1.17,TJ,1721965425
461,rumonge,-3.9736,29.4386,21.46,46,23,1.21,BI,1721965426
462,casper,42.8666,-106.3131,26.33,31,0,2.57,US,1721965428
463,tazacorte,28.629,-17.9293,21.54,88,20,5.66,ES,1721965429
464,richards bay,-28.783,32.0377,13.47,83,21,2.67,ZA,1721965430
465,belyy yar,53.6039,91.3903,27.94,54,0,1.0,RU,1721965431
466,laminusa,5.5549,120.9136,28.55,77,84,3.65,PH,1721965432
467,marondera,-18.1853,31.5519,8.2,47,0,2.11,ZW,1721965434
468,kidal,18.4411,1.4078,29.37,48,74,7.24,ML,1721965435
469,leticia,-4.2153,-69.9406,24.03,100,20,1.03,CO,1721965436
470,mandalgovi,45.7625,106.2708,19.91,56,74,6.77,MN,1721965437
471,yarmouth,41.7057,-70.2286,22.79,84,20,4.47,US,1721965438
472,alo,6.5486,4.2686,23.96,91,98,4.08,NG,1721965439
473,tibiri,13.5627,7.0485,25.78,78,47,5.99,NE,1721965441
474,mufumbwe,-13.6833,24.8,10.19,31,0,1.1,ZM,1721965442
475,puerto baquerizo moreno,-0.9,-89.6,20.33,82,46,5.5,EC,1721965443
476,mahdia,35.5047,11.0622,23.97,66,0,2.25,TN,1721965444
477,katabu,-4.9333,122.5167,28.65,74,48,3.15,ID,1721965445
478,todi,42.7799,12.4046,21.58,67,0,1.07,IT,1721965447
479,preobrazheniye,42.9019,133.9064,17.37,98,100,4.48,RU,1721965448
480,urzhar,47.093,81.6294,32.47,24,5,1.42,KZ,1721965449
481,sanibel,26.449,-82.0223,27.25,91,75,1.38,US,1721965450
482,demopolis,32.5176,-87.8364,24.97,88,0,0.0,US,1721965202
483,piney green,34.716,-77.3202,24.38,97,100,0.0,US,1721965452
484,tashtyp,52.7939,89.8983,21.44,82,99,0.73,RU,1721965454
485,labytnangi,66.6572,66.4183,11.99,64,100,0.28,RU,1721965455
486,zeya,53.75,127.2667,30.36,40,1,1.76,RU,1721965456
487,tucuma,-0.1833,-50.05,25.26,91,25,2.98,BR,1721965458
488,las tablas,7.7667,-80.2833,26.21,99,100,1.74,PA,1721965461
489,havre,49.5833,0.3333,16.87,88,100,4.63,FR,1721965462
490,los llanos de aridane,28.6585,-17.9182,19.86,88,20,5.66,ES,1721965463
491,thunder bay,48.4001,-89.3168,14.99,94,75,1.54,CA,1721965464
492,aksu,41.1231,80.2644,31.75,27,72,2.47,CN,1721965465
493,uglegorsk,49.0833,142.0333,17.05,77,56,2.93,RU,1721965467
494,misratah,32.3754,15.0925,24.91,77,0,1.7,LY,1721965468
495,port-vila,-17.7338,168.3219,24.78,61,40,5.14,VU,1721965469
496,palopo,-2.9996,120.1921,28.0,74,54,2.0,ID,1721965215
497,dahab,28.501,34.5134,31.94,45,2,0.36,EG,1721965471
498,oranjemund,-28.55,16.4333,10.77,89,1,1.38,NA,1721965472
499,krasnyy yar,46.5331,48.3456,24.96,30,0,3.2,RU,1721965474
500,sambava,-14.2667,50.1667,19.6,83,42,2.21,MG,1721965475
501,vila do maio,15.1333,-23.2167,26.44,85,100,3.3,CV,1721965476
502,korem,12.5058,39.5228,14.42,82,100,1.17,ET,1721965477
503,palmer,42.1584,-72.3287,20.34,76,46,3.47,US,1721965329
504,tommot,58.9564,126.2925,32.19,39,47,2.32,RU,1721965479
505,kosh-agach,50.0,88.6667,20.64,46,21,1.43,RU,1721965481
506,al-hamdaniya,36.2715,43.3737,31.84,37,0,4.17,IQ,1721965482
507,bajos de haina,18.4154,-70.0332,27.34,89,75,0.0,DO,1721965484
508,sinazongwe,-17.2614,27.4618,16.55,35,0,2.0,ZM,1721965485
509,iquique,-20.2208,-70.1431,15.02,82,2,0.1,CL,1721965487
510,ceeldheer,3.8488,47.1806,24.5,80,100,7.52,SO,1721965488
511,malanje,-9.5402,16.341,14.24,23,0,0.83,AO,1721965489
512,santa cruz,-17.8,-63.1667,22.7,73,30,2.57,BO,1721965490
513,castro,-24.7911,-50.0119,13.0,65,13,1.18,BR,1721965491
514,kamaishi,39.2667,141.8833,24.78,86,100,1.59,JP,1721965492
515,torghay,49.6339,63.4981,20.14,60,34,9.83,KZ,1721965494
516,tolanaro,-25.0319,46.9987,18.04,88,40,0.0,MG,1721965495
517,las khorey,11.1595,48.1967,31.85,57,29,5.78,SO,1721965496
518,jolo,6.05,121.0167,31.58,63,96,2.09,PH,1721965497
519,fort bragg,35.139,-79.006,24.55,96,100,0.0,US,1721965498
520,nouadhibou,20.931,-17.0347,21.02,91,0,5.9,MR,1721965500
521,inirida,3.8653,-67.9239,22.82,98,91,1.11,CO,1721965501
522,hadibu,12.65,54.0333,26.2,78,100,12.57,YE,1721965502
523,lakhipur,26.0299,90.3041,31.95,75,91,3.17,IN,1721965503
524,ketchikan,55.3422,-131.6461,16.99,77,100,2.06,US,1721965302
525,ippy,6.2679,21.2247,19.99,99,99,2.11,CF,1721965505
526,lishu,43.3047,124.3278,23.1,97,100,4.53,CN,1721965507
527,mitchell,43.7094,-98.0298,25.99,87,0,6.17,US,1721965508
528,miri,4.4148,114.0089,34.08,59,20,1.03,MY,1721965509
529,narrabri,-30.3167,149.7833,20.29,72,56,0.89,AU,1721965510
530,quellon,-43.1167,-73.6167,4.68,88,29,3.88,CL,1721965511
531,shimokizukuri,40.8061,140.3861,26.96,76,99,2.5,JP,1721965513
532,jiuquan,39.7432,98.5174,32.38,17,99,4.27,CN,1721965514
533,zharkent,44.1628,80.0,32.08,28,11,3.17,KZ,1721965515
534,petropolis,59.8944,30.2642,20.03,85,12,0.0,RU,1721965497
535,kansk,56.2017,95.7175,26.91,53,9,4.19,RU,1721965517
536,xining,36.6167,101.7667,23.8,47,88,3.5,CN,1721965518
537,north bondi,-33.8824,151.2769,21.19,48,0,4.63,AU,1721965520
538,al jawf,29.5,38.75,25.65,39,3,1.03,SA,1721965521
539,cabedelo,-6.9811,-34.8339,22.37,80,26,5.74,BR,1721965522
540,yaren,-0.5472,166.916,28.64,71,97,2.36,NR,1721965523
541,saudarkrokur,65.7461,-19.6394,9.04,98,100,3.04,IS,1721965524
542,lorengau,-2.0226,147.2712,28.38,76,100,1.88,PG,1721965525
543,skhira,34.2992,10.07,22.82,64,0,3.33,TN,1721965527
544,zhangzhou,24.5133,117.6556,26.96,93,100,2.29,CN,1721965528
545,antonio enes,-16.2325,39.9086,16.95,78,0,2.05,MZ,1721965529
546,holdrege,40.4403,-99.3698,24.79,68,0,3.27,US,1721965530
547,peace river,56.2501,-117.286,13.17,94,100,5.66,CA,1721965531
548,fada,7.25,4.0667,21.6,99,87,1.09,NG,1721965533
549,egilsstadir,65.2653,-14.3948,8.95,93,100,1.54,IS,1721965534
550,hastings,50.8552,0.5729,14.95,88,100,4.11,GB,1721965535
551,uruguaiana,-29.7547,-57.0883,14.66,68,100,3.2,BR,1721965536
552,lushun,38.8,121.2667,27.12,97,100,2.07,CN,1721965537
553,ullal,12.8,74.85,26.53,100,100,4.12,IN,1721965538
554,kulhudhuffushi,6.6221,73.07,29.0,77,100,5.32,MV,1721965540
555,wabag,-5.4781,143.7021,18.45,86,70,1.6,PG,1721965541
556,glucksburg,54.8333,9.55,16.12,94,100,6.69,DE,1721965542
557,namanga,-2.5433,36.7905,16.81,85,100,1.14,KE,1721965543
558,bridgeport,41.167,-73.2048,22.47,71,0,2.06,US,1721965544
559,isangel,-19.55,169.2667,25.06,61,40,5.14,VU,1721965546
560,margate,51.3813,1.3862,14.94,89,100,5.11,GB,1721965547
561,tangalle,6.024,80.7911,31.09,65,100,6.02,LK,1721965548
562,yanchep,-31.55,115.6833,18.86,68,33,3.57,AU,1721965549
563,puerto lempira,15.2667,-83.7667,26.7,91,100,4.03,HN,1721965550
564,lensk,60.7253,114.9278,30.26,51,100,2.69,RU,1721965552
565,broome,42.2506,-75.833,15.92,69,7,1.18,US,1721965553
566,sao felix do xingu,-6.6447,-51.995,22.06,51,39,1.3,BR,1721965555
567,surman,32.7567,12.5716,25.72,61,0,2.25,LY,1721965556
568,raja,8.4596,25.678,20.83,93,96,2.18,SS,1721965558
569,aleg,17.0481,-13.9209,28.82,65,37,6.76,MR,1721965559
570,chiroqchi,39.0336,66.5722,37.0,14,1,0.91,UZ,1721965560
571,meulaboh,4.1363,96.1285,29.72,69,80,2.84,ID,1721965561
572,dongola,19.1667,30.4833,32.74,41,85,7.72,SD,1721965562
573,guerrero negro,27.9769,-114.0611,20.28,87,2,6.68,MX,1721965563
574,pangody,65.85,74.4859,15.05,68,85,2.7,RU,1721965565
575,port augusta,-32.5,137.7667,18.29,33,0,7.14,AU,1721965566
